anno,cod_branca,desc_branca,cod_class_priorita,volume,source_rows
2025,001,ANESTESIA,B,521,71
2025,001,ANESTESIA,D,3346,164
2025,001,ANESTESIA,NON_INDICATA,41576,268
2025,001,ANESTESIA,P,73109,334
2025,001,ANESTESIA,U,19,9
2025,001,ANESTESIA/ANALGESIA,B,9695,242
2025,001,ANESTESIA/ANALGESIA,D,26602,311
2025,001,ANESTESIA/ANALGESIA,NON_INDICATA,305571,387
2025,001,ANESTESIA/ANALGESIA,P,219999,409
2025,001,ANESTESIA/ANALGESIA,U,2948,147
2025,002,CARDIOLOGIA,B,188266,1160
2025,002,CARDIOLOGIA,D,415361,1296
2025,002,CARDIOLOGIA,NON_INDICATA,1478372,1406
2025,002,CARDIOLOGIA,P,1211422,1405
2025,002,CARDIOLOGIA,U,36199,945
2025,003,CHIRURGIA GENERALE,B,55793,771
2025,003,CHIRURGIA GENERALE,D,104042,862
2025,003,CHIRURGIA GENERALE,NON_INDICATA,286870,912
2025,003,CHIRURGIA GENERALE,P,255562,956
2025,003,CHIRURGIA GENERALE,U,14347,583
2025,004,CHIRURGIA PLASTICA,B,10614,197
2025,004,CHIRURGIA PLASTICA,D,23039,237
2025,004,CHIRURGIA PLASTICA,NON_INDICATA,81176,326
2025,004,CHIRURGIA PLASTICA,P,64907,356
2025,004,CHIRURGIA PLASTICA,U,2088,140
2025,005,CHIRURGIA VASCOLARE,B,16194,636
2025,005,CHIRURGIA VASCOLARE,D,28804,758
2025,005,CHIRURGIA VASCOLARE,NON_INDICATA,65024,784
2025,005,CHIRURGIA VASCOLARE,P,80474,859
2025,005,CHIRURGIA VASCOLARE,U,4002,402
2025,005,CHIRURGIA VASCOLARE  - ANGIOLOGIA,B,284,98
2025,005,CHIRURGIA VASCOLARE  - ANGIOLOGIA,D,1976,275
2025,005,CHIRURGIA VASCOLARE  - ANGIOLOGIA,NON_INDICATA,16111,322
2025,005,CHIRURGIA VASCOLARE  - ANGIOLOGIA,P,8745,376
2025,005,CHIRURGIA VASCOLARE  - ANGIOLOGIA,U,11,10
2025,006,DERMATOLOGIA/ALLERGOLOGIA,B,40880,549
2025,006,DERMATOLOGIA/ALLERGOLOGIA,D,90062,754
2025,006,DERMATOLOGIA/ALLERGOLOGIA,NON_INDICATA,599252,931
2025,006,DERMATOLOGIA/ALLERGOLOGIA,P,270143,895
2025,006,DERMATOLOGIA/ALLERGOLOGIA,U,14388,329
2025,006,DERMOSIFILOPATIA,B,2228,171
2025,006,DERMOSIFILOPATIA,D,20796,364
2025,006,DERMOSIFILOPATIA,NON_INDICATA,161326,498
2025,006,DERMOSIFILOPATIA,P,97963,495
2025,006,DERMOSIFILOPATIA,U,89,46
2025,007,DIAGNOSTICA PER IMMAGINI: MEDICINA NUCLEARE,B,1254,193
2025,007,DIAGNOSTICA PER IMMAGINI: MEDICINA NUCLEARE,D,9927,323
2025,007,DIAGNOSTICA PER IMMAGINI: MEDICINA NUCLEARE,NON_INDICATA,56037,319
2025,007,DIAGNOSTICA PER IMMAGINI: MEDICINA NUCLEARE,P,58435,343
2025,007,DIAGNOSTICA PER IMMAGINI: MEDICINA NUCLEARE,U,41,24
2025,007,MEDICINA NUCLEARE,B,1,1
2025,007,MEDICINA NUCLEARE,D,13,3
2025,007,MEDICINA NUCLEARE,NON_INDICATA,470,12
2025,007,MEDICINA NUCLEARE,P,207,13
2025,007,MEDICINA NUCLEARE,U,1,1
2025,008,DIAGNOSTICA PER IMMAGINI,B,617663,1551
2025,008,DIAGNOSTICA PER IMMAGINI,D,1009092,1667
2025,008,DIAGNOSTICA PER IMMAGINI,NON_INDICATA,1557809,1591
2025,008,DIAGNOSTICA PER IMMAGINI,P,2668100,1703
2025,008,DIAGNOSTICA PER IMMAGINI,U,173823,1184
2025,008,DIAGNOSTICA PER IMMAGINI: RADIOLOGIA DIAGNOSTICA,B,18818,877
2025,008,DIAGNOSTICA PER IMMAGINI: RADIOLOGIA DIAGNOSTICA,D,132688,1086
2025,008,DIAGNOSTICA PER IMMAGINI: RADIOLOGIA DIAGNOSTICA,NON_INDICATA,584710,1016
2025,008,DIAGNOSTICA PER IMMAGINI: RADIOLOGIA DIAGNOSTICA,P,678607,1112
2025,008,DIAGNOSTICA PER IMMAGINI: RADIOLOGIA DIAGNOSTICA,U,688,244
2025,009,ENDOCRINOLOGIA,B,32193,404
2025,009,ENDOCRINOLOGIA,D,73283,483
2025,009,ENDOCRINOLOGIA,NON_INDICATA,821194,616
2025,009,ENDOCRINOLOGIA,P,197951,608
2025,009,ENDOCRINOLOGIA,U,6997,301
2025,010,GASTROENTEROLOGIA,B,54147,638
2025,010,GASTROENTEROLOGIA,D,92204,724
2025,010,GASTROENTEROLOGIA,NON_INDICATA,155382,734
2025,010,GASTROENTEROLOGIA,P,156096,728
2025,010,GASTROENTEROLOGIA,U,6456,465
2025,010,GASTROENTEROLOGIA - CHIRURGIA ED ENDOSCOPIA DIGESTIVA,B,2525,225
2025,010,GASTROENTEROLOGIA - CHIRURGIA ED ENDOSCOPIA DIGESTIVA,D,16733,374
2025,010,GASTROENTEROLOGIA - CHIRURGIA ED ENDOSCOPIA DIGESTIVA,NON_INDICATA,49279,445
2025,010,GASTROENTEROLOGIA - CHIRURGIA ED ENDOSCOPIA DIGESTIVA,P,45114,442
2025,010,GASTROENTEROLOGIA - CHIRURGIA ED ENDOSCOPIA DIGESTIVA,U,74,33
2025,011,LABORATORIO,B,86679,768
2025,011,LABORATORIO,D,370409,968
2025,011,LABORATORIO,NON_INDICATA,95217366,2663
2025,011,LABORATORIO,P,12489028,1284
2025,011,LABORATORIO,U,90611,795
2025,011,"LABORATORIO ANALISI CHIMICO-CLINICHE, MICROBIOLOGIA ETC.",B,2840,224
2025,011,"LABORATORIO ANALISI CHIMICO-CLINICHE, MICROBIOLOGIA ETC.",D,22882,530
2025,011,"LABORATORIO ANALISI CHIMICO-CLINICHE, MICROBIOLOGIA ETC.",NON_INDICATA,8630644,2081
2025,011,"LABORATORIO ANALISI CHIMICO-CLINICHE, MICROBIOLOGIA ETC.",P,1072331,876
2025,011,"LABORATORIO ANALISI CHIMICO-CLINICHE, MICROBIOLOGIA ETC.",U,2088,159
2025,012,MEDICINA FISICA E RIABILITAZIONE,B,100376,1162
2025,012,MEDICINA FISICA E RIABILITAZIONE,D,247228,1539
2025,012,MEDICINA FISICA E RIABILITAZIONE,NON_INDICATA,1159156,1669
2025,012,MEDICINA FISICA E RIABILITAZIONE,P,1649363,1913
2025,012,MEDICINA FISICA E RIABILITAZIONE,U,11188,469
2025,012,MEDICINA FISICA E RIABILITAZIONE - RECUPERO E RIABILITAZIONE FUNZIONALE DEI MOTULESI E NEUROLESI,B,5917,378
2025,012,MEDICINA FISICA E RIABILITAZIONE - RECUPERO E RIABILITAZIONE FUNZIONALE DEI MOTULESI E NEUROLESI,D,34052,898
2025,012,MEDICINA FISICA E RIABILITAZIONE - RECUPERO E RIABILITAZIONE FUNZIONALE DEI MOTULESI E NEUROLESI,NON_INDICATA,194057,943
2025,012,MEDICINA FISICA E RIABILITAZIONE - RECUPERO E RIABILITAZIONE FUNZIONALE DEI MOTULESI E NEUROLESI,P,519493,1444
2025,012,MEDICINA FISICA E RIABILITAZIONE - RECUPERO E RIABILITAZIONE FUNZIONALE DEI MOTULESI E NEUROLESI,U,333,42
2025,013,NEFROLOGIA,B,6790,141
2025,013,NEFROLOGIA,D,12052,189
2025,013,NEFROLOGIA,NON_INDICATA,1885521,423
2025,013,NEFROLOGIA,P,245966,304
2025,013,NEFROLOGIA,U,1732,104
2025,014,NEUROCHIRURGIA,B,32361,350
2025,014,NEUROCHIRURGIA,D,66057,448
2025,014,NEUROCHIRURGIA,NON_INDICATA,182114,536
2025,014,NEUROCHIRURGIA,P,102828,516
2025,014,NEUROCHIRURGIA,U,7024,230
2025,015,NEUROLOGIA,B,6887,309
2025,015,NEUROLOGIA,D,26750,509
2025,015,NEUROLOGIA,NON_INDICATA,180962,570
2025,015,NEUROLOGIA,P,111884,614
2025,015,NEUROLOGIA,U,856,112
2025,016,OCULISTICA,B,38150,902
2025,016,OCULISTICA,D,152144,1193
2025,016,OCULISTICA,NON_INDICATA,839065,1305
2025,016,OCULISTICA,P,747269,1340
2025,016,OCULISTICA,U,10244,597
2025,017,ODONTOSTOMATOLOGIA,B,10748,241
2025,017,ODONTOSTOMATOLOGIA,D,37976,357
2025,017,ODONTOSTOMATOLOGIA,NON_INDICATA,228715,588
2025,017,ODONTOSTOMATOLOGIA,P,253268,569
2025,017,ODONTOSTOMATOLOGIA,U,10700,220
2025,017,ODONTOSTOMATOLOGIA - CHIRURGIA MAXILLO FACCIALE,B,350,94
2025,017,ODONTOSTOMATOLOGIA - CHIRURGIA MAXILLO FACCIALE,D,3502,202
2025,017,ODONTOSTOMATOLOGIA - CHIRURGIA MAXILLO FACCIALE,NON_INDICATA,23957,322
2025,017,ODONTOSTOMATOLOGIA - CHIRURGIA MAXILLO FACCIALE,P,29651,359
2025,017,ODONTOSTOMATOLOGIA - CHIRURGIA MAXILLO FACCIALE,U,18,15
2025,018,ONCOLOGIA,B,8965,167
2025,018,ONCOLOGIA,D,13619,247
2025,018,ONCOLOGIA,NON_INDICATA,458747,310
2025,018,ONCOLOGIA,P,137709,328
2025,018,ONCOLOGIA,U,2982,138
2025,019,ORTOPEDIA,B,52808,419
2025,019,ORTOPEDIA,D,135605,524
2025,019,ORTOPEDIA,NON_INDICATA,495835,671
2025,019,ORTOPEDIA,P,207164,703
2025,019,ORTOPEDIA,U,11484,324
2025,019,ORTOPEDIA E TRAUMATOLOGIA,B,1527,225
2025,019,ORTOPEDIA E TRAUMATOLOGIA,D,14780,355
2025,019,ORTOPEDIA E TRAUMATOLOGIA,NON_INDICATA,83084,423
2025,019,ORTOPEDIA E TRAUMATOLOGIA,P,39753,409
2025,019,ORTOPEDIA E TRAUMATOLOGIA,U,51,41
2025,020,OSTETRICIA E GINECOLOGIA,B,13811,459
2025,020,OSTETRICIA E GINECOLOGIA,D,52582,695
2025,020,OSTETRICIA E GINECOLOGIA,NON_INDICATA,371453,880
2025,020,OSTETRICIA E GINECOLOGIA,P,240858,914
2025,020,OSTETRICIA E GINECOLOGIA,U,2756,275
2025,021,OTORINOLARINGOIATRIA,B,55732,656
2025,021,OTORINOLARINGOIATRIA,D,156687,854
2025,021,OTORINOLARINGOIATRIA,NON_INDICATA,375298,1041
2025,021,OTORINOLARINGOIATRIA,P,396906,1003
2025,021,OTORINOLARINGOIATRIA,U,16563,444
2025,022,PNEUMOLOGIA,B,23122,459
2025,022,PNEUMOLOGIA,D,54346,632
2025,022,PNEUMOLOGIA,NON_INDICATA,327476,742
2025,022,PNEUMOLOGIA,P,138969,726
2025,022,PNEUMOLOGIA,U,5324,263
2025,023,PSICHIATRIA,B,140,62
2025,023,PSICHIATRIA,D,1128,167
2025,023,PSICHIATRIA,NON_INDICATA,14193,255
2025,023,PSICHIATRIA,P,8007,255
2025,023,PSICHIATRIA,U,7,7
2025,023,PSICHIATRIA/PSICOLOGIA-PSICOTERAPIA,B,1230,145
2025,023,PSICHIATRIA/PSICOLOGIA-PSICOTERAPIA,D,4404,221
2025,023,PSICHIATRIA/PSICOLOGIA-PSICOTERAPIA,NON_INDICATA,59297,344
2025,023,PSICHIATRIA/PSICOLOGIA-PSICOTERAPIA,P,39982,334
2025,023,PSICHIATRIA/PSICOLOGIA-PSICOTERAPIA,U,290,75
2025,024,RADIOTERAPIA,B,26420,70
2025,024,RADIOTERAPIA,D,8423,77
2025,024,RADIOTERAPIA,NON_INDICATA,658606,97
2025,024,RADIOTERAPIA,P,194746,99
2025,024,RADIOTERAPIA,U,405,43
2025,025,UROLOGIA,B,29588,458
2025,025,UROLOGIA,D,59670,680
2025,025,UROLOGIA,NON_INDICATA,228834,773
2025,025,UROLOGIA,P,146818,799
2025,025,UROLOGIA,U,7550,300
2025,026,ALTRE PRESTAZIONI,B,59896,586
2025,026,ALTRE PRESTAZIONI,D,101593,753
2025,026,ALTRE PRESTAZIONI,NON_INDICATA,3264225,1421
2025,026,ALTRE PRESTAZIONI,P,849805,1075
2025,026,ALTRE PRESTAZIONI,U,17238,448
2025,027,NEUROPSICHIATRIA INFANTILE,D,7,4
2025,027,NEUROPSICHIATRIA INFANTILE,NON_INDICATA,555,5
2025,027,NEUROPSICHIATRIA INFANTILE,P,92,7
2025,BIC,BIC,B,24,18
2025,BIC,BIC,D,588,77
2025,BIC,BIC,NON_INDICATA,7197,162
2025,BIC,BIC,P,20875,227
2025,BIC,BIC,U,13,8
2025,MAC,MAC,B,426,46
2025,MAC,MAC,D,869,63
2025,MAC,MAC,NON_INDICATA,975545,408
2025,MAC,MAC,P,157746,227
2025,MAC,MAC,U,441,40
