anno,cod_ats_erogazione,desc_ats_erogazione,pubb_priv,volume,source_rows,unknown_volume,yoy_fraction,unknown_priority_fraction
2016,-,NON APPLICABILE,PRIVATO,15,4,8,,0.5333333333333333
2016,321,ATS DELLA CITTA' METROPOLITANA DI MILANO,PRIVATO,22385521,10846,18304954,,0.8177140036186783
2017,321,ATS DELLA CITTA' METROPOLITANA DI MILANO,PRIVATO,22862987,11749,18902412,0.021329233302186713,0.8267691356339397
2018,321,ATS DELLA CITTA' METROPOLITANA DI MILANO,PRIVATO,23615501,11536,19753286,0.03291407198893128,0.8364542424909808
2019,321,ATS DELLA CITTA' METROPOLITANA DI MILANO,PRIVATO,24364283,11914,20439660,0.03170722484354662,0.8389190028698977
2020,321,ATS DELLA CITTA' METROPOLITANA DI MILANO,PRIVATO,20527945,11960,15880854,-0.15745745524298826,0.7736212270638878
2021,321,ATS DELLA CITTA' METROPOLITANA DI MILANO,PRIVATO,27656703,12360,21553567,0.3472709031517768,0.7793252507357801
2022,321,ATS DELLA CITTA' METROPOLITANA DI MILANO,PRIVATO,26860896,12109,20783237,-0.028774471056799502,0.7737358053878769
2023,321,ATS DELLA CITTA' METROPOLITANA DI MILANO,PRIVATO,28096411,12051,22002610,0.045996790278328765,0.7831110528672149
2024,321,ATS DELLA CITTA' METROPOLITANA DI MILANO,PRIVATO,29164817,11995,23016769,0.03802642266302269,0.7891964142960335
2025,321,ATS DELLA CITTA' METROPOLITANA DI MILANO,PRIVATO,28379085,16129,23067072,-0.026941091384183897,0.8128194407959242
2016,321,ATS DELLA CITTA' METROPOLITANA DI MILANO,PUBBLICO,23831265,16136,14098689,,0.591604725976569
2017,321,ATS DELLA CITTA' METROPOLITANA DI MILANO,PUBBLICO,23424558,16507,13480862,-0.01706611042258982,0.5755012325099155
2018,321,ATS DELLA CITTA' METROPOLITANA DI MILANO,PUBBLICO,23606486,16421,13220461,0.007766549960088895,0.5600351106894944
2019,321,ATS DELLA CITTA' METROPOLITANA DI MILANO,PUBBLICO,23702256,16323,13251484,0.004056935877707508,0.5590811271298395
2020,321,ATS DELLA CITTA' METROPOLITANA DI MILANO,PUBBLICO,17247660,16747,9347096,-0.2723199006879345,0.5419341522270268
2021,321,ATS DELLA CITTA' METROPOLITANA DI MILANO,PUBBLICO,21993800,16182,11746284,0.27517587893082307,0.534072511344106
2022,321,ATS DELLA CITTA' METROPOLITANA DI MILANO,PUBBLICO,21891252,17739,13015459,-0.00466258672898726,0.5945506908421684
2023,321,ATS DELLA CITTA' METROPOLITANA DI MILANO,PUBBLICO,22616837,16046,14770387,0.033144974988182495,0.6530704094476164
2024,321,ATS DELLA CITTA' METROPOLITANA DI MILANO,PUBBLICO,23580154,16587,15470963,0.042592914296548184,0.6561010161341609
2025,321,ATS DELLA CITTA' METROPOLITANA DI MILANO,PUBBLICO,23013168,21426,15536811,-0.024045050765995845,0.6751269968567561
2016,322,ATS DELL'INSUBRIA,PRIVATO,6573228,4266,4182230,,0.6362520819299132
2017,322,ATS DELL'INSUBRIA,PRIVATO,6705606,4528,3944347,0.020138963687247727,0.5882163371960715
2018,322,ATS DELL'INSUBRIA,PRIVATO,6963912,4539,3893973,0.03852090325617103,0.5591645902475505
2019,322,ATS DELL'INSUBRIA,PRIVATO,7197541,4743,4071263,0.03354852847077907,0.5656463783950657
2020,322,ATS DELL'INSUBRIA,PRIVATO,6416825,4817,4028558,-0.10846982323546334,0.6278117293209649
2021,322,ATS DELL'INSUBRIA,PRIVATO,8772244,4949,6350147,0.3670692281619025,0.7238908311259924
2022,322,ATS DELL'INSUBRIA,PRIVATO,8860458,4860,6346289,0.010056035833020605,0.7162484151496458
2023,322,ATS DELL'INSUBRIA,PRIVATO,8027986,4785,5576866,-0.09395360826720243,0.6946780923633897
2024,322,ATS DELL'INSUBRIA,PRIVATO,8338958,4788,5889799,0.038735991816627485,0.7062991563214492
2025,322,ATS DELL'INSUBRIA,PRIVATO,7966789,6738,5943571,-0.04463015642961626,0.7460434812570033
2016,322,ATS DELL'INSUBRIA,PUBBLICO,10126308,5917,9009154,,0.8896780544301043
2017,322,ATS DELL'INSUBRIA,PUBBLICO,10043552,6474,8785857,-0.008172376348813407,0.8747758761043901
2018,322,ATS DELL'INSUBRIA,PUBBLICO,10174932,6848,8814886,0.013081029500320205,0.8663336521561028
2019,322,ATS DELL'INSUBRIA,PUBBLICO,10138508,7059,8897779,-0.0035797782235792827,0.8776221313826452
2020,322,ATS DELL'INSUBRIA,PUBBLICO,7771036,6814,6951522,-0.23351286007763666,0.8945425037279456
2021,322,ATS DELL'INSUBRIA,PUBBLICO,9648886,6480,8658078,0.24164731703726505,0.8973137417107011
2022,322,ATS DELL'INSUBRIA,PUBBLICO,9830958,6497,8750231,0.018869743097804245,0.890069004465282
2023,322,ATS DELL'INSUBRIA,PUBBLICO,9987612,6173,8817297,0.015934764445133424,0.882823341555519
2024,322,ATS DELL'INSUBRIA,PUBBLICO,10553642,6584,9521113,0.05667320676854487,0.9021637269863806
2025,322,ATS DELL'INSUBRIA,PUBBLICO,10323820,8436,9361482,-0.0217765582724902,0.906784697912207
2016,323,ATS DELLA MONTAGNA,PRIVATO,493177,525,381647,,0.7738540118456457
2017,323,ATS DELLA MONTAGNA,PRIVATO,493348,547,381451,0.0003467314980220083,0.7731884998013573
2018,323,ATS DELLA MONTAGNA,PRIVATO,518613,571,400179,0.0512113153392737,0.7716331831249892
2019,323,ATS DELLA MONTAGNA,PRIVATO,429912,392,336795,-0.17103504925638194,0.7834045106905599
2020,323,ATS DELLA MONTAGNA,PRIVATO,290636,370,222798,-0.3239639740225907,0.7665877592590044
2021,323,ATS DELLA MONTAGNA,PRIVATO,281156,365,202149,-0.03261812026039444,0.7189923032053379
2022,323,ATS DELLA MONTAGNA,PRIVATO,266431,424,188780,-0.052373059795985145,0.7085511821071873
2023,323,ATS DELLA MONTAGNA,PRIVATO,275456,458,190818,0.03387368586988751,0.6927349558550185
2024,323,ATS DELLA MONTAGNA,PRIVATO,281319,448,205262,0.021284706087360595,0.7296414390780573
2025,323,ATS DELLA MONTAGNA,PRIVATO,266547,628,203198,-0.05250978426626001,0.7623345976506958
2016,323,ATS DELLA MONTAGNA,PUBBLICO,3549937,2475,3130028,,0.8817136754821283
2017,323,ATS DELLA MONTAGNA,PUBBLICO,3532960,3030,3099584,-0.004782338390793978,0.8773334541008107
2018,323,ATS DELLA MONTAGNA,PUBBLICO,3539440,3014,3071398,0.0018341560617725647,0.8677638270460863
2019,323,ATS DELLA MONTAGNA,PUBBLICO,3439826,2762,2942860,-0.028144000180819563,0.8555258318298659
2020,323,ATS DELLA MONTAGNA,PUBBLICO,2787123,2621,2533769,-0.18974884194723804,0.9090983785071559
2021,323,ATS DELLA MONTAGNA,PUBBLICO,3647686,2532,3355523,0.30876391174698786,0.9199045641538225
2022,323,ATS DELLA MONTAGNA,PUBBLICO,3689765,2560,3373692,0.011535806535979248,0.9143379049885291
2023,323,ATS DELLA MONTAGNA,PUBBLICO,3776430,2558,3433254,0.02348794570927959,0.9091268737935034
2024,323,ATS DELLA MONTAGNA,PUBBLICO,3899999,2665,3556773,0.03272111491540953,0.9119933107675156
2025,323,ATS DELLA MONTAGNA,PUBBLICO,3977459,3267,3619002,0.019861543554241936,0.9098778893761067
2016,324,ATS DELLA BRIANZA,PRIVATO,9011896,3129,7777995,,0.8630808655581467
2017,324,ATS DELLA BRIANZA,PRIVATO,9431385,3328,8240995,0.04654836229801143,0.8737841790998883
2018,324,ATS DELLA BRIANZA,PRIVATO,9958460,3334,8765624,0.055885217282509406,0.8802188290157313
2019,324,ATS DELLA BRIANZA,PRIVATO,10078574,3387,8951136,0.01206150348547868,0.8881351667408505
2020,324,ATS DELLA BRIANZA,PRIVATO,9265410,3429,8369820,-0.08068244575075799,0.9033404889799804
2021,324,ATS DELLA BRIANZA,PRIVATO,10772543,3493,9755255,0.16266231068026132,0.9055665872022975
2022,324,ATS DELLA BRIANZA,PRIVATO,7978074,3235,6994274,-0.2594066229301661,0.8766870299774105
2023,324,ATS DELLA BRIANZA,PRIVATO,8142102,3236,7019451,0.020559849407262958,0.8621177921868334
2024,324,ATS DELLA BRIANZA,PRIVATO,9175307,3224,7179795,0.12689659255067057,0.7825127813162001
2025,324,ATS DELLA BRIANZA,PRIVATO,8703738,4536,7156485,-0.05139544649568674,0.8222312068676699
2016,324,ATS DELLA BRIANZA,PUBBLICO,8509778,4743,5377776,,0.631952560924621
2017,324,ATS DELLA BRIANZA,PUBBLICO,8391412,4626,5362795,-0.013909411032814251,0.6390813608007806
2018,324,ATS DELLA BRIANZA,PUBBLICO,8363893,4633,5465918,-0.0032794242494588515,0.6535136209896516
2019,324,ATS DELLA BRIANZA,PUBBLICO,8441355,4729,5442597,0.00926147668316656,0.6447539524164071
2020,324,ATS DELLA BRIANZA,PUBBLICO,6179436,4579,4054012,-0.2679568623757679,0.6560488691848253
2021,324,ATS DELLA BRIANZA,PUBBLICO,7847583,4159,5424615,0.26995133536458665,0.6912465914664426
2022,324,ATS DELLA BRIANZA,PUBBLICO,7806653,4490,5292963,-0.005215618617859792,0.678006695058689
2023,324,ATS DELLA BRIANZA,PUBBLICO,8047586,4476,5125070,0.030862522005269094,0.6368456329637235
2024,324,ATS DELLA BRIANZA,PUBBLICO,8384383,4743,5124206,0.04185068665311561,0.6111607735476778
2025,324,ATS DELLA BRIANZA,PUBBLICO,8262074,6218,5235103,-0.014587716233860022,0.6336306113937009
2016,325,ATS DI BERGAMO,PRIVATO,4726289,2772,2854275,,0.6039146146162454
2017,325,ATS DI BERGAMO,PRIVATO,4964356,3503,2897644,0.050370808894674025,0.5836898079025759
2018,325,ATS DI BERGAMO,PRIVATO,5134360,3517,2979857,0.03424492522292922,0.58037554826697
2019,325,ATS DI BERGAMO,PRIVATO,5152947,3465,3029662,0.0036201201318177925,0.5879474405616825
2020,325,ATS DI BERGAMO,PRIVATO,4372955,3365,2587720,-0.1513681394355502,0.5917554605524182
2021,325,ATS DI BERGAMO,PRIVATO,5480803,3481,3249235,0.2533408187369868,0.5928392244713047
2022,325,ATS DI BERGAMO,PRIVATO,5450766,3469,3275990,-0.005480401320755371,0.6010146096897206
2023,325,ATS DI BERGAMO,PRIVATO,5754880,3486,3534947,0.055792892228358364,0.61425207823621
2024,325,ATS DI BERGAMO,PRIVATO,5889453,3601,3645169,0.02338415397019573,0.618931673281033
2025,325,ATS DI BERGAMO,PRIVATO,5718900,4902,3590785,-0.02895905612966094,0.6278803616080015
2016,325,ATS DI BERGAMO,PUBBLICO,7646166,3673,6862980,,0.8975714102989655
2017,325,ATS DI BERGAMO,PUBBLICO,7627393,3917,6854737,-0.002455217425308318,0.8986998572120252
2018,325,ATS DI BERGAMO,PUBBLICO,7678041,4020,6889733,0.006640276697424664,0.8973295401782825
2019,325,ATS DI BERGAMO,PUBBLICO,7670864,4008,6821794,-0.0009347436409886324,0.8893123382190063
2020,325,ATS DI BERGAMO,PUBBLICO,5644542,3763,5079576,-0.264158248666643,0.899909328338774
2021,325,ATS DI BERGAMO,PUBBLICO,7641546,3685,6887311,0.3537938064771243,0.9012981142821099
2022,325,ATS DI BERGAMO,PUBBLICO,7444057,3845,6581199,-0.02584411583729261,0.8840876688612137
2023,325,ATS DI BERGAMO,PUBBLICO,7785718,4127,6924638,0.04589714990092096,0.8894026215693915
2024,325,ATS DI BERGAMO,PUBBLICO,8025851,4518,6955151,0.03084275592822653,0.8665935861505527
2025,325,ATS DI BERGAMO,PUBBLICO,7993323,5679,6291428,-0.004052903548795012,0.7870854211696438
2016,326,ATS DI BRESCIA,PRIVATO,8686244,2690,7837237,,0.9022584445014439
2017,326,ATS DI BRESCIA,PRIVATO,9083311,2872,8261533,0.0457121628174387,0.9095288050799978
2018,326,ATS DI BRESCIA,PRIVATO,9738330,2961,8987556,0.0721123607900247,0.9229052619905056
2019,326,ATS DI BRESCIA,PRIVATO,10111066,3026,9361380,0.038275145738540385,0.9258548999680153
2020,326,ATS DI BRESCIA,PRIVATO,9196723,3186,8519525,-0.0904299309291424,0.9263652933767822
2021,326,ATS DI BRESCIA,PRIVATO,14471042,3195,13638759,0.5734998216212449,0.9424863116284231
2022,326,ATS DI BRESCIA,PRIVATO,17599093,2973,16785302,0.21615934775118475,0.953759492037459
2023,326,ATS DI BRESCIA,PRIVATO,19182425,3131,18289450,0.08996668180570441,0.9534482736150408
2024,326,ATS DI BRESCIA,PRIVATO,19470246,3136,18544989,0.015004411590296847,0.9524784124453282
2025,326,ATS DI BRESCIA,PRIVATO,20977274,4258,20203328,0.07740159009803985,0.9631055016967409
2016,326,ATS DI BRESCIA,PUBBLICO,7671092,4461,6951588,,0.906205791822077
2017,326,ATS DI BRESCIA,PUBBLICO,7553656,4552,6829326,-0.015308902565632117,0.9041086859131525
2018,326,ATS DI BRESCIA,PUBBLICO,7672915,4658,6903716,0.01578824876324789,0.8997513982625899
2019,326,ATS DI BRESCIA,PUBBLICO,7705258,4611,6903239,0.004215216772243665,0.8959127650235722
2020,326,ATS DI BRESCIA,PUBBLICO,5886617,4359,5321987,-0.23602597083705698,0.9040824296875438
2021,326,ATS DI BRESCIA,PUBBLICO,7699426,4286,6985709,0.30795429700964067,0.9073025703474519
2022,326,ATS DI BRESCIA,PUBBLICO,7665156,4363,6846740,-0.00445098115106243,0.8932290484368485
2023,326,ATS DI BRESCIA,PUBBLICO,7702405,4253,6850730,0.00485952275465757,0.8894273931324047
2024,326,ATS DI BRESCIA,PUBBLICO,8005447,4369,7145678,0.039343815340792905,0.8926019996135132
2025,326,ATS DI BRESCIA,PUBBLICO,7757821,5958,6859866,-0.030932189045783452,0.8842516474664729
2016,327,ATS DELLA VAL PADANA,PRIVATO,3369511,2873,2710127,,0.8043086964250896
2017,327,ATS DELLA VAL PADANA,PRIVATO,3058670,3020,2327761,-0.09225107144627218,0.7610369866641383
2018,327,ATS DELLA VAL PADANA,PRIVATO,3072195,3183,2274449,0.004421856558569574,0.7403335400259423
2019,327,ATS DELLA VAL PADANA,PRIVATO,3092309,3258,2205722,0.006547110453600765,0.7132928824383333
2020,327,ATS DELLA VAL PADANA,PRIVATO,2899197,3415,2179587,-0.06244912782002057,0.751789892166693
2021,327,ATS DELLA VAL PADANA,PRIVATO,3698393,3404,2863004,0.27566115721008266,0.7741210844818276
2022,327,ATS DELLA VAL PADANA,PRIVATO,3644247,3434,2799919,-0.014640412741425803,0.768312082029566
2023,327,ATS DELLA VAL PADANA,PRIVATO,3677912,3495,2793521,0.009237848038291587,0.7595399237393391
2024,327,ATS DELLA VAL PADANA,PRIVATO,2826413,3394,1902386,-0.23151695853516888,0.6730743171645475
2025,327,ATS DELLA VAL PADANA,PRIVATO,2490587,4416,1679193,-0.11881703063211214,0.6742157571688923
2016,327,ATS DELLA VAL PADANA,PUBBLICO,6895868,3670,4065784,,0.5895971326597319
2017,327,ATS DELLA VAL PADANA,PUBBLICO,7057879,3798,3970691,0.023493924187643962,0.5625898375418451
2018,327,ATS DELLA VAL PADANA,PUBBLICO,7155682,3958,3987871,0.013857279219436887,0.5573013166320135
2019,327,ATS DELLA VAL PADANA,PUBBLICO,7238486,4264,4014357,0.011571783094888788,0.5545851715400154
2020,327,ATS DELLA VAL PADANA,PUBBLICO,5471556,4108,2984722,-0.2441021506431041,0.5454978437577903
2021,327,ATS DELLA VAL PADANA,PUBBLICO,7511537,3963,4476703,0.37283379718676,0.5959769618388354
2022,327,ATS DELLA VAL PADANA,PUBBLICO,7243947,3951,4165519,-0.035623867658509834,0.5750344390979116
2023,327,ATS DELLA VAL PADANA,PUBBLICO,7398938,4026,4234778,0.021395932355661906,0.5723494371759839
2024,327,ATS DELLA VAL PADANA,PUBBLICO,7702400,4351,4415798,0.04101426447957802,0.5733015683423348
2025,327,ATS DELLA VAL PADANA,PUBBLICO,7739656,5163,4434097,0.00483693394266722,0.5729062118523097
2016,328,ATS DI PAVIA,PRIVATO,4318009,1910,3604686,,0.8348027991604464
2017,328,ATS DI PAVIA,PRIVATO,4525114,2010,3788455,0.04796307742758294,0.8372065322553199
2018,328,ATS DI PAVIA,PRIVATO,4773431,2107,4038249,0.05487530258906184,0.8459845758742506
2019,328,ATS DI PAVIA,PRIVATO,4927363,2136,4187353,0.03224766420631198,0.8498162201567045
2020,328,ATS DI PAVIA,PRIVATO,4199676,2051,3629725,-0.14768284780317587,0.8642869116569944
2021,328,ATS DI PAVIA,PRIVATO,5585695,2037,4894071,0.3300299832653757,0.8761794190337997
2022,328,ATS DI PAVIA,PRIVATO,5711277,2211,4964505,0.02248278862343898,0.8692460547789925
2023,328,ATS DI PAVIA,PRIVATO,6063340,2155,5268900,0.06164348183427279,0.8689765046987304
2024,328,ATS DI PAVIA,PRIVATO,6229179,2273,5432156,0.027351096920179306,0.8720500727302908
2025,328,ATS DI PAVIA,PRIVATO,5993240,3218,5373544,-0.03787641999049955,0.8966008369429558
2016,328,ATS DI PAVIA,PUBBLICO,4411574,3078,4007553,,0.908417947879827
2017,328,ATS DI PAVIA,PUBBLICO,4602565,3441,4164133,0.043293164752535036,0.9047418124458861
2018,328,ATS DI PAVIA,PUBBLICO,4406233,3210,3816546,-0.04265708360446838,0.8661698099033801
2019,328,ATS DI PAVIA,PUBBLICO,4361051,3119,3711263,-0.010254110483943995,0.8510019717724008
2020,328,ATS DI PAVIA,PUBBLICO,2981246,3111,2660298,-0.31639276862389365,0.8923443419295154
2021,328,ATS DI PAVIA,PUBBLICO,3587055,2875,3145479,0.20320664581185183,0.8768973433638458
2022,328,ATS DI PAVIA,PUBBLICO,4010516,2710,3464453,0.11805255286021542,0.8638422088329781
2023,328,ATS DI PAVIA,PUBBLICO,4120152,2655,3499745,0.027337130683433256,0.8494213320285271
2024,328,ATS DI PAVIA,PUBBLICO,4201538,2772,3592024,0.01975315473798054,0.8549307420282763
2025,328,ATS DI PAVIA,PUBBLICO,4149178,3584,3567096,-0.012462103163175009,0.8597114898420843
